Don,Quixote,dquixote@gmail.com,493784259,29ef52e7563626a96cea7f4b4085c124
Sancho,Panza,spanza@gmail.com,394671352,29ef52e7563626a96cea7f4b4085c124
Robinson,Crusoe,rcrusoe@gmail.com,347329651,29ef52e7563626a96cea7f4b4085c124
Lemuel,Gulliver,lgulliver@gmail.com,369852147,29ef52e7563626a96cea7f4b4085c124
Clarissa,Harlowe,charlowe@gmail.com,789456123,29ef52e7563626a96cea7f4b4085c124
Tom,Jones,tjones@gmail.com,321654987,29ef52e7563626a96cea7f4b4085c124
Tristram,Shandy,tshandy@gmail.com,741852963,29ef52e7563626a96cea7f4b4085c124
Sebastian,Valmont,svalmont@gmail.com,369258147,29ef52e7563626a96cea7f4b4085c124
Anne,Steele,asteele@gmail.com,789123456,29ef52e7563626a96cea7f4b4085c124
Colonel,Brandon,cbrandon@gmail.com,321987654,29ef52e7563626a96cea7f4b4085c124
Edward,Ferrars,eferrars@gmail.com,147369258,29ef52e7563626a96cea7f4b4085c124
Elinor,Dashwood,edashwood@gmail.com,369147852,29ef52e7563626a96cea7f4b4085c124
John,Willoughby,jwilloughby@gmail.com,159478236,29ef52e7563626a96cea7f4b4085c124
Lucy,Steele,lsteele@gmail.com,365214582,29ef52e7563626a96cea7f4b4085c124
Robert,Ferrars,rferrars@gmail.com,123654123,29ef52e7563626a96cea7f4b4085c124
Caroline,Bingley,cbingley@gmail.com,321987456,29ef52e7563626a96cea7f4b4085c124
Charles,Bingley,cbingley@gmail.com,958132144,29ef52e7563626a96cea7f4b4085c124
Charlotte,Lucas,clucas@gmail.com,987987987,29ef52e7563626a96cea7f4b4085c124
Georgiana,Darcy,gdarcy@gmail.com,321159874,29ef52e7563626a96cea7f4b4085c124
Fitzwilliam,Darcy,fdarcy@gmail.com,632159632,29ef52e7563626a96cea7f4b4085c124
Jane,Bennet,jbennet@gmail.com,159846237,29ef52e7563626a96cea7f4b4085c124
Fanny,Price,fprice@gmail.com,951482314,29ef52e7563626a96cea7f4b4085c124
Henry,Crawford,hcrawford@gmail.com,321456852,29ef52e7563626a96cea7f4b4085c124
Julia,Bertram,jbertram@gmail.com,321478221,29ef52e7563626a96cea7f4b4085c124
Maria,Bertram,mbertram@gmail.com,635241789,29ef52e7563626a96cea7f4b4085c124
Mary,Crawford,mcrawford@gmail.com,326514987,29ef52e7563626a96cea7f4b4085c124
William,Price,wprice@gmail.com,256148739,29ef52e7563626a96cea7f4b4085c124
Augusta,Elton,aelton@gmail.com,121548789,29ef52e7563626a96cea7f4b4085c124
Frank,Churchill,fchurchill@gmail.com,123212365,29ef52e7563626a96cea7f4b4085c124
Harriet,Smith,hsmith@gmail.com,231648521,29ef52e7563626a96cea7f4b4085c124

